<?xml version="1.0" encoding="UTF-8"?>
        <!-- Generated by eXe - http://exelearning.net -->
        <manifest identifier="eXen_M_Carmen662fce4b27eb4292241b"
        xmlns="http://www.imsglobal.org/xsd/imscp_v1p1"
        xmlns:imsmd="http://www.imsglobal.org/xsd/imsmd_v1p2"
        xmlns:xsi="http://www.w3.org/2001/XMLSchema-instance"
        xmlns:lom="http://ltsc.ieee.org/xsd/LOM"
        xmlns:adlcp="http://www.adlnet.org/xsd/adlcp_rootv1p2"
        
 xsi:schemaLocation="http://www.imsglobal.org/xsd/imscp_v1p1 imscp_v1p1.xsd http://www.imsglobal.org/xsd/imsmd_v1p2 imsmd_v1p2p2.xsd"> 
<metadata> 
 <schema>IMS Content</schema> 
 <schemaversion>1.1.3</schemaversion> 
 <lom:lom><lom:general uniqueElementName="general"><lom:identifier><lom:catalog uniqueElementName="catalog">My Catalog</lom:catalog><lom:entry uniqueElementName="entry">4a7d755e-34a5-410a-a7d4-601881136623</lom:entry></lom:identifier><lom:title uniqueElementName="title"><lom:string language="es">Semejanza</lom:string></lom:title><lom:language>es</lom:language><lom:description><lom:string language="es">Resumen del tema de "Semejanza" para 4º de ESO  Matemáticas A</lom:string></lom:description><lom:description><lom:string language="es">Resumen del tema de Semejanza</lom:string></lom:description><lom:keyword><lom:string language="es">Semejanza</lom:string></lom:keyword><lom:keyword><lom:string language="es">Tales</lom:string></lom:keyword><lom:keyword><lom:string language="es">Teorema del seno</lom:string></lom:keyword><lom:keyword><lom:string language="es">Teorema del coseno</lom:string></lom:keyword><lom:aggregationLevel uniqueElementName="aggregationLevel"><lom:source uniqueElementName="source">LOM-ESv1.0</lom:source><lom:value uniqueElementName="value">2</lom:value></lom:aggregationLevel></lom:general><lom:lifeCycle uniqueElementName="lifeCycle"><lom:version uniqueElementName="version"><lom:string language="es">1.0</lom:string></lom:version><lom:status uniqueElementName="status"><lom:source uniqueElementName="source">LOM-ESv1.0</lom:source><lom:value uniqueElementName="value">final</lom:value></lom:status><lom:contribute><lom:role uniqueElementName="role"><lom:source uniqueElementName="source">LOM-ESv1.0</lom:source><lom:value uniqueElementName="value">author</lom:value></lom:role><lom:entity>BEGIN:VCARD VERSION:3.0 FN:Mª del Carmen Benete Gaitán EMAIL;TYPE=INTERNET: ORG:Dirección General Formación del Profesorado e Innovación Educativa. Consejería de Educación y Deporte. Junta de Andalucía END:VCARD</lom:entity><lom:date uniqueElementName="date"><lom:dateTime uniqueElementName="dateTime">2024-04-22T20:17:14.00+02:00</lom:dateTime><lom:description><lom:string language="es">Fecha de creación de los metadatos</lom:string></lom:description></lom:date></lom:contribute></lom:lifeCycle><lom:metaMetadata uniqueElementName="metaMetadata"><lom:contribute><lom:role uniqueElementName="role"><lom:source uniqueElementName="source">LOM-ESv1.0</lom:source><lom:value uniqueElementName="value">creator</lom:value></lom:role><lom:entity>BEGIN:VCARD VERSION:3.0 FN:Mª del Carmen Benete Gaitán EMAIL;TYPE=INTERNET: ORG: END:VCARD</lom:entity><lom:date uniqueElementName="date"><lom:dateTime uniqueElementName="dateTime">2024-04-15T20:27:44.00+02:00</lom:dateTime><lom:description><lom:string language="es">Fecha de creación de los metadatos</lom:string></lom:description></lom:date></lom:contribute><lom:metadataSchema>LOM-ESv1.0</lom:metadataSchema><lom:language>es</lom:language></lom:metaMetadata><lom:technical uniqueElementName="technical"><lom:otherPlatformRequirements><lom:string language="es">editor: eXe Learning</lom:string></lom:otherPlatformRequirements></lom:technical><lom:educational><lom:learningResourceType><lom:source uniqueElementName="source">LOM-ESv1.0</lom:source><lom:value uniqueElementName="value">individual/cooperative/collaborative learning/working management tool</lom:value></lom:learningResourceType><lom:intendedEndUserRole><lom:source uniqueElementName="source">LOM-ESv1.0</lom:source><lom:value uniqueElementName="value">learner</lom:value></lom:intendedEndUserRole><lom:context><lom:source uniqueElementName="source">LOM-ESv1.0</lom:source><lom:value uniqueElementName="value">presencial</lom:value></lom:context><lom:context><lom:source uniqueElementName="source">LOM-ESv1.0</lom:source><lom:value uniqueElementName="value">classroom</lom:value></lom:context><lom:language>es</lom:language></lom:educational><lom:rights uniqueElementName="rights"><lom:copyrightAndOtherRestrictions uniqueElementName="copyrightAndOtherRestrictions"><lom:source uniqueElementName="source">LOM-ESv1.0</lom:source><lom:value uniqueElementName="value">creative commons: attribution - non commercial - share alike</lom:value></lom:copyrightAndOtherRestrictions><lom:access uniqueElementName="access"><lom:accessType uniqueElementName="accessType"><lom:source uniqueElementName="source">LOM-ESv1.0</lom:source><lom:value uniqueElementName="value">universal</lom:value></lom:accessType><lom:description><lom:string language="en">Default</lom:string></lom:description></lom:access></lom:rights></lom:lom>
</metadata> 
<organizations default="eXen_M_Carmen662fce4b27eb4292241c">  
<organization identifier="eXen_M_Carmen662fce4b27eb4292241c" structure="hierarchical">  
<title>Semejanza</title>
<item identifier="ITEM-eXen_M_Carmen662fce4b27eb4292241d" isvisible="true" identifierref="RES-eXen_M_Carmen662fce4b27eb4292241e">
    <title>Semejanza</title>
<item identifier="ITEM-eXen_M_Carmen662fce4b27eb4292241f" isvisible="true" identifierref="RES-eXen_M_Carmen662fce4b27eb42922420">
    <title>1. Figuras semejantes.</title>
<item identifier="ITEM-eXen_M_Carmen662fce4b27eb42922421" isvisible="true" identifierref="RES-eXen_M_Carmen662fce4b27eb42922422">
    <title>Teorema de Tales</title>
<item identifier="ITEM-eXen_M_Carmen662fce4b27eb42922423" isvisible="true" identifierref="RES-eXen_M_Carmen662fce4b27eb42922424">
    <title>Actividades</title>
</item>
</item>
</item>
<item identifier="ITEM-eXen_M_Carmen662fce4b27eb42922525" isvisible="true" identifierref="RES-eXen_M_Carmen662fce4b27eb42922526">
    <title>2. Criterios de semejanza de triángulos</title>
<item identifier="ITEM-eXen_M_Carmen662fce4b27eb42922527" isvisible="true" identifierref="RES-eXen_M_Carmen662fce4b27eb42922528">
    <title>Aplicaciones</title>
<item identifier="ITEM-eXen_M_Carmen662fce4b27eb42922529" isvisible="true" identifierref="RES-eXen_M_Carmen662fce4b27eb4292252a">
    <title>Actividades</title>
</item>
</item>
</item>
<item identifier="ITEM-eXen_M_Carmen662fce4b27eb4292252b" isvisible="true" identifierref="RES-eXen_M_Carmen662fce4b27eb4292252c">
    <title>3. Teorema de la altura y teorema del cateto</title>
<item identifier="ITEM-eXen_M_Carmen662fce4b27eb4292262d" isvisible="true" identifierref="RES-eXen_M_Carmen662fce4b27eb4292262e">
    <title>Actividades</title>
</item>
</item>
<item identifier="ITEM-eXen_M_Carmen662fce4b27eb4292262f" isvisible="true" identifierref="RES-eXen_M_Carmen662fce4b27eb42922630">
    <title>4. Escalas</title>
</item>
<item identifier="ITEM-eXen_M_Carmen662fce4b27eb42922631" isvisible="true" identifierref="RES-eXen_M_Carmen662fce4b27eb42922632">
    <title>5. Razón de Áreas y Volúmenes</title>
</item>
<item identifier="ITEM-eXen_M_Carmen662fce4b27eb42922633" isvisible="true" identifierref="RES-eXen_M_Carmen662fce4b27eb42922634">
    <title>Autoría y Licencia</title>
</item>
</item>
</organization>
</organizations>
<resources>
<resource identifier="RES-eXen_M_Carmen662fce4b27eb4292241e" type="webcontent"  adlcp:scormtype="sco" href="index.html"> 
 <file href="index.html"/>
<dependency identifierref="COMMON_FILES" /></resource>
<resource identifier="RES-eXen_M_Carmen662fce4b27eb42922420" type="webcontent"  adlcp:scormtype="sco" href="1_figuras_semejantes.html"> 
 <file href="1_figuras_semejantes.html"/>
    <file href="img0.png"/>
    <file href="img1.png"/>
    <file href="img2.png"/>
    <file href="img1.2.png"/>
    <file href="exe_effects.js"/>
    <file href="exe_effects.css"/>
<dependency identifierref="COMMON_FILES" /></resource>
<resource identifier="RES-eXen_M_Carmen662fce4b27eb42922422" type="webcontent"  adlcp:scormtype="sco" href="teorema_de_tales.html"> 
 <file href="teorema_de_tales.html"/>
    <file href="TALES2.png"/>
    <file href="Captura_de_pantalla_de_2024-04-22_18-02-57.png"/>
    <file href="img2.1.png"/>
    <file href="exe_lightbox.js"/>
    <file href="exe_lightbox.css"/>
    <file href="exe_lightbox_sprite_prev.png"/>
    <file href="exe_lightbox_default_thumb.png"/>
    <file href="exe_lightbox_sprite.png"/>
    <file href="exe_lightbox_loader.gif"/>
    <file href="exe_lightbox_sprite_next.png"/>
    <file href="exe_lightbox_sprite_y.png"/>
    <file href="exe_lightbox_sprite_x.png"/>
<dependency identifierref="COMMON_FILES" /></resource>
<resource identifier="RES-eXen_M_Carmen662fce4b27eb42922424" type="webcontent"  adlcp:scormtype="sco" href="actividades.html"> 
 <file href="actividades.html"/>
    <file href="img1.1.png"/>
    <file href="img2.2.png"/>
    <file href="img0.1.png"/>
    <file href="img0.2.png"/>
    <file href="exequexthits.png"/>
    <file href="exequextrerrors.png"/>
    <file href="exequextsq.png"/>
    <file href="geogebra-activity.css"/>
    <file href="geogebra-activity.js"/>
    <file href="geogegra-activity-loading.gif"/>
<dependency identifierref="COMMON_FILES" /></resource>
<resource identifier="RES-eXen_M_Carmen662fce4b27eb42922526" type="webcontent"  adlcp:scormtype="sco" href="2_criterios_de_semejanza_de_tringulos.html"> 
 <file href="2_criterios_de_semejanza_de_tringulos.html"/>
    <file href="criterios.png"/>
    <file href="exe_lightbox.js"/>
    <file href="exe_lightbox.css"/>
    <file href="exe_lightbox_sprite_prev.png"/>
    <file href="exe_lightbox_default_thumb.png"/>
    <file href="exe_lightbox_sprite.png"/>
    <file href="exe_lightbox_loader.gif"/>
    <file href="exe_lightbox_sprite_next.png"/>
    <file href="exe_lightbox_sprite_y.png"/>
    <file href="exe_lightbox_sprite_x.png"/>
<dependency identifierref="COMMON_FILES" /></resource>
<resource identifier="RES-eXen_M_Carmen662fce4b27eb42922528" type="webcontent"  adlcp:scormtype="sco" href="aplicaciones.html"> 
 <file href="aplicaciones.html"/>
<dependency identifierref="COMMON_FILES" /></resource>
<resource identifier="RES-eXen_M_Carmen662fce4b27eb4292252a" type="webcontent"  adlcp:scormtype="sco" href="actividades0.html"> 
 <file href="actividades0.html"/>
    <file href="exequexthits.png"/>
    <file href="exequextrerrors.png"/>
    <file href="exequextsq.png"/>
    <file href="geogebra-activity.css"/>
    <file href="geogebra-activity.js"/>
    <file href="geogegra-activity-loading.gif"/>
<dependency identifierref="COMMON_FILES" /></resource>
<resource identifier="RES-eXen_M_Carmen662fce4b27eb4292252c" type="webcontent"  adlcp:scormtype="sco" href="3_teorema_de_la_altura_y_teorema_del_cateto.html"> 
 <file href="3_teorema_de_la_altura_y_teorema_del_cateto.html"/>
    <file href="img4.png"/>
    <file href="exequexthits.png"/>
    <file href="exequextrerrors.png"/>
    <file href="exequextsq.png"/>
    <file href="geogebra-activity.css"/>
    <file href="geogebra-activity.js"/>
    <file href="geogegra-activity-loading.gif"/>
<dependency identifierref="COMMON_FILES" /></resource>
<resource identifier="RES-eXen_M_Carmen662fce4b27eb4292262e" type="webcontent"  adlcp:scormtype="sco" href="actividades1.html"> 
 <file href="actividades1.html"/>
    <file href="img0.4.png"/>
    <file href="img0.3.png"/>
    <file href="common.js"/>
<dependency identifierref="COMMON_FILES" /></resource>
<resource identifier="RES-eXen_M_Carmen662fce4b27eb42922630" type="webcontent"  adlcp:scormtype="sco" href="4_escalas.html"> 
 <file href="4_escalas.html"/>
    <file href="exequexthits.png"/>
    <file href="exequextrerrors.png"/>
    <file href="exequextsq.png"/>
    <file href="geogebra-activity.css"/>
    <file href="geogebra-activity.js"/>
    <file href="geogegra-activity-loading.gif"/>
<dependency identifierref="COMMON_FILES" /></resource>
<resource identifier="RES-eXen_M_Carmen662fce4b27eb42922632" type="webcontent"  adlcp:scormtype="sco" href="5_razn_de_reas_y_volmenes.html"> 
 <file href="5_razn_de_reas_y_volmenes.html"/>
    <file href="img0.5.png"/>
    <file href="img1.3.png"/>
    <file href="img3.png"/>
    <file href="27.jpg"/>
    <file href="img2.3.png"/>
    <file href="exe_effects.js"/>
    <file href="exe_effects.css"/>
<dependency identifierref="COMMON_FILES" /></resource>
<resource identifier="RES-eXen_M_Carmen662fce4b27eb42922634" type="webcontent"  adlcp:scormtype="sco" href="autora_y_licencia.html"> 
 <file href="autora_y_licencia.html"/>
    <file href="Tarea_5_Benete_Gaitn_M_Carmen.elp"/>
    <file href="download-package-licenses.png"/>
    <file href="download-package.css"/>
<dependency identifierref="COMMON_FILES" /></resource>
  <resource identifier="COMMON_FILES" type="webcontent" adlcp:scormtype="asset">
    <file href="icon_udl_rep_vocabulario.svg"/>
    <file href="_adultos_left_column.gif"/>
    <file href="icon_udl_exp_coproduccionoral.svg"/>
    <file href="icon_udl_exp_manipula.svg"/>
    <file href="icon_udl_rep_reflexion.svg"/>
    <file href="icon_udl_eng_saber.svg"/>
    <file href="icon_udl_eng_curiosidad.svg"/>
    <file href="nav.css"/>
    <file href="icon_udl_eng_temporalizacion.svg"/>
    <file href="icon_udl_rep_informarse.svg"/>
    <file href="_adultos_udl_ch-1.gif"/>
    <file href="icon_udl_eng_culturales.svg"/>
    <file href="icon_udl_rep_conocer.svg"/>
    <file href="icon_udl_exp_ejercicio.svg"/>
    <file href="icon_udl_eng_orientaciones.svg"/>
    <file href="icon_udl_eng_descarga.svg"/>
    <file href="icon_udl_rep_redessemanticas.svg"/>
    <file href="_adultos_nav_icons.png"/>
    <file href="_adultos_udl_ch-4.gif"/>
    <file href="icon_udl_rep_reproduccion.svg"/>
    <file href="_adultos_licenses.gif"/>
    <file href="icon_udl_rep_fonetica.svg"/>
    <file href="icon_udl_eng_rubrica.svg"/>
    <file href="000000_adultos_logo.png"/>
    <file href="icon_udl_exp_juego.svg"/>
    <file href="icon_udl_eng_reto.svg"/>
    <file href="icon_udl_rep_importante.svg"/>
    <file href="icon_udl_exp_tareagrupal.svg"/>
    <file href="icon_udl_rep_mediar.svg"/>
    <file href="_adultos_udl_ch-3.gif"/>
    <file href="icon_udl_exp_habla.svg"/>
    <file href="_adultos_logo.png"/>
    <file href="icon_udl_exp_interactivo.svg"/>
    <file href="icon_udl_exp_lenguasignos.svg"/>
    <file href="content.css"/>
    <file href="icon_udl_rep_lee.svg"/>
    <file href="icon_udl_rep_escucha.svg"/>
    <file href="icon_udl_exp_grupoheterogeneo.svg"/>
    <file href="icon_udl_exp_actividad.svg"/>
    <file href="_adultos_udl_ch-2.gif"/>
    <file href="icon_udl_eng_nota.svg"/>
    <file href="_adultos_bg.png"/>
    <file href="icon_udl_rep_recomendacion.svg"/>
    <file href="icon_udl_rep_apoyovisual.svg"/>
    <file href="_adultos_udl_icons-sm.png"/>
    <file href="icon_udl_rep_galeria.svg"/>
    <file href="icon_udl_exp_lee.svg"/>
    <file href="icon_udl_eng_rss.svg"/>
    <file href="icon_udl_rep_gramatica.svg"/>
    <file href="_adultos_menu.gif"/>
    <file href="icon_udl_exp_grupohomogeneo.svg"/>
    <file href="icon_udl_exp_graba.svg"/>
    <file href="icon_udl_rep_destacado.svg"/>
    <file href="icon_udl_exp_coproducciontxt.svg"/>
    <file href="icon_udl_rep_nota.svg"/>
    <file href="icon_udl_exp_escribe.svg"/>
    <file href="icon_udl_exp_canto.svg"/>
    <file href="icon_udl_rep_lecturafacil.svg"/>
    <file href="icon_udl_eng_aprenderaprender.svg"/>
    <file href="icon_udl_rep_ejemplo.svg"/>
    <file href="config.xml"/>
    <file href="icon_udl_exp_competenciadigital.svg"/>
    <file href="_adultos_js.js"/>
    <file href="icon_udl_exp_cuestionario.svg"/>
    <file href="Atkinson-Hyperlegible-Regular-102a.woff2"/>
    <file href="_adultos_icons.png"/>
    <file href="icon_udl_rep_lenguasignos.svg"/>
    <file href="icon_emociones.svg"/>
    <file href="icon_udl_exp_practicamusical.svg"/>
    <file href="_adultos_udl_icons.png"/>
    <file href="icon_udl_rep_pasos.svg"/>
    <file href="icon_udl_exp_tarea.svg"/>
    <file href="icon_udl_exp_musica.svg"/>
    <file href="icon_udl_exp_escucha.svg"/>
    <file href="icon_udl_exp_debate.svg"/>
    <file href="icon_udl_exp_mediacion.svg"/>
    <file href="icon_udl_rep_caso.svg"/>
    <file href="icon_udl_eng_objetivos.svg"/>
    <file href="icon_udl_rep_adjunto.svg"/>
    <file href="base.css"/>
    <file href="popup_bg.gif"/>
    <file href="exe_powered_logo.png"/>
    <file href="SCORM_API_wrapper.js"/>
    <file href="SCOFunctions.js"/>
    <file href="common.js"/>
    <file href="common_i18n.js"/>
    <file href="exe_jquery.js"/>
    <file href="content.xsd"/>
    <file href="content.data"/>
    <file href="contentv3.xml"/>
    <file href="imslrm.xml"/>
    <file href="exe_html5.js"/>
    <file href="imscp_v1p1.xsd"/>
    <file href="imsmd_v1p2p2.xsd"/>
    <file href="lom.xsd"/>
    <file href="lomCustom.xsd"/>
    <file href="ims_xml.xsd"/>
  </resource>
</resources>
</manifest>
